cenario,protocolo,arquivo,tempo_dns,tempo_http,tempo_total,throughput_kbps,status
A,TCP,arquivo_100kb.txt,0.0242,0.0588,0.0829,1663.86,HTTP/1.1 200 OK
A,TCP,arquivo_1mb.txt,0.0242,0.2275,0.2517,4292.97,HTTP/1.1 200 OK
A,TCP,arquivo_10mb.txt,0.0242,18.7679,18.7921,520.34,HTTP/1.1 200 OK
A,TCP,arquivo_100kb.txt,0.0124,0.0495,0.0619,1976.75,HTTP/1.1 200 OK
A,TCP,arquivo_1mb.txt,0.0124,0.2479,0.2603,3939.88,HTTP/1.1 200 OK
A,TCP,arquivo_10mb.txt,0.0124,17.7065,17.7189,551.54,HTTP/1.1 200 OK
A,TCP,arquivo_100kb.txt,0.0137,0.0528,0.0665,1852.49,HTTP/1.1 200 OK
A,TCP,arquivo_1mb.txt,0.0137,0.2522,0.2659,3873.27,HTTP/1.1 200 OK
A,TCP,arquivo_10mb.txt,0.0137,17.6270,17.6407,554.02,HTTP/1.1 200 OK
A,TCP,arquivo_100kb.txt,0.0129,0.0540,0.0670,1810.43,HTTP/1.1 200 OK
A,TCP,arquivo_1mb.txt,0.0129,0.2364,0.2493,4132.45,HTTP/1.1 200 OK
A,TCP,arquivo_10mb.txt,0.0129,18.2475,18.2604,535.18,HTTP/1.1 200 OK
A,TCP,arquivo_100kb.txt,0.0122,0.0584,0.0706,1675.45,HTTP/1.1 200 OK
A,TCP,arquivo_1mb.txt,0.0122,0.2999,0.3121,3256.75,HTTP/1.1 200 OK
A,TCP,arquivo_10mb.txt,0.0122,17.4394,17.4516,559.99,HTTP/1.1 200 OK
A,TCP,arquivo_100kb.txt,0.0330,0.0553,0.0883,1767.48,HTTP/1.1 200 OK
A,TCP,arquivo_1mb.txt,0.0330,0.2552,0.2882,3827.08,HTTP/1.1 200 OK
A,TCP,arquivo_10mb.txt,0.0330,17.0832,17.1162,571.66,HTTP/1.1 200 OK
A,TCP,arquivo_100kb.txt,0.0347,0.0611,0.0958,1601.36,HTTP/1.1 200 OK
A,TCP,arquivo_1mb.txt,0.0347,0.2574,0.2921,3794.65,HTTP/1.1 200 OK
A,TCP,arquivo_10mb.txt,0.0347,17.2565,17.2912,565.92,HTTP/1.1 200 OK
A,TCP,arquivo_100kb.txt,0.0125,0.0509,0.0634,1920.42,HTTP/1.1 200 OK
A,TCP,arquivo_1mb.txt,0.0125,0.2421,0.2546,4033.72,HTTP/1.1 200 OK
A,TCP,arquivo_10mb.txt,0.0125,16.7296,16.7421,583.74,HTTP/1.1 200 OK
A,TCP,arquivo_100kb.txt,0.0114,0.0697,0.0810,1404.32,HTTP/1.1 200 OK
A,TCP,arquivo_1mb.txt,0.0114,0.2638,0.2752,3702.57,HTTP/1.1 200 OK
A,TCP,arquivo_10mb.txt,0.0114,17.4890,17.5004,558.39,HTTP/1.1 200 OK
A,TCP,arquivo_100kb.txt,0.0122,0.0501,0.0623,1951.04,HTTP/1.1 200 OK
A,TCP,arquivo_1mb.txt,0.0122,0.2639,0.2761,3700.83,HTTP/1.1 200 OK
A,TCP,arquivo_10mb.txt,0.0122,18.5335,18.5457,526.93,HTTP/1.1 200 OK
B,TCP,arquivo_100kb.txt,0.1056,0.2587,0.3643,378.09,HTTP/1.1 200 OK
B,TCP,arquivo_1mb.txt,0.1056,0.4401,0.5457,2219.56,HTTP/1.1 200 OK
B,TCP,arquivo_10mb.txt,0.1056,7.8180,7.9236,1249.15,HTTP/1.1 200 OK
B,TCP,arquivo_100kb.txt,0.0525,0.2101,0.2625,465.66,HTTP/1.1 200 OK
B,TCP,arquivo_1mb.txt,0.0525,0.4667,0.5192,2092.71,HTTP/1.1 200 OK
B,TCP,arquivo_10mb.txt,0.0525,7.6092,7.6616,1283.43,HTTP/1.1 200 OK
B,TCP,arquivo_100kb.txt,0.0530,0.2127,0.2657,459.89,HTTP/1.1 200 OK
B,TCP,arquivo_1mb.txt,0.0530,0.4696,0.5226,2080.08,HTTP/1.1 200 OK
B,TCP,arquivo_10mb.txt,0.0530,6.9205,6.9735,1411.14,HTTP/1.1 200 OK
B,TCP,arquivo_100kb.txt,3.0594,0.2154,3.2748,454.04,HTTP/1.1 200 OK
B,TCP,arquivo_1mb.txt,3.0594,0.4497,3.5090,2172.07,HTTP/1.1 200 OK
B,TCP,arquivo_10mb.txt,3.0594,8.5650,11.6243,1140.20,HTTP/1.1 200 OK
B,TCP,arquivo_100kb.txt,0.0528,0.2106,0.2634,464.41,HTTP/1.1 200 OK
B,TCP,arquivo_1mb.txt,0.0528,0.4912,0.5440,1988.33,HTTP/1.1 200 OK
B,TCP,arquivo_10mb.txt,0.0528,8.1974,8.2502,1191.32,HTTP/1.1 200 OK
B,TCP,arquivo_100kb.txt,0.0528,0.2094,0.2623,467.11,HTTP/1.1 200 OK
B,TCP,arquivo_1mb.txt,0.0528,0.7705,0.8233,1267.69,HTTP/1.1 200 OK
B,TCP,arquivo_10mb.txt,0.0528,8.0610,8.1139,1211.48,HTTP/1.1 200 OK
B,TCP,arquivo_100kb.txt,0.0528,1.2677,1.3205,77.16,HTTP/1.1 200 OK
B,TCP,arquivo_1mb.txt,0.0528,0.4645,0.5173,2102.82,HTTP/1.1 200 OK
B,TCP,arquivo_10mb.txt,0.0528,8.6721,8.7249,1126.11,HTTP/1.1 200 OK
B,TCP,arquivo_100kb.txt,0.0537,0.2136,0.2673,457.92,HTTP/1.1 200 OK
B,TCP,arquivo_1mb.txt,0.0537,0.4814,0.5351,2029.02,HTTP/1.1 200 OK
B,TCP,arquivo_10mb.txt,0.0537,8.4415,8.4952,1156.88,HTTP/1.1 200 OK
B,TCP,arquivo_100kb.txt,0.0533,0.2168,0.2700,451.20,HTTP/1.1 200 OK
B,TCP,arquivo_1mb.txt,0.0533,0.4691,0.5223,2082.16,HTTP/1.1 200 OK
B,TCP,arquivo_10mb.txt,0.0533,7.6938,7.7471,1269.30,HTTP/1.1 200 OK
B,TCP,arquivo_100kb.txt,0.0528,0.2143,0.2671,456.37,HTTP/1.1 200 OK
B,TCP,arquivo_1mb.txt,0.0528,0.4782,0.5310,2042.58,HTTP/1.1 200 OK
B,TCP,arquivo_10mb.txt,0.0528,8.8575,8.9102,1102.55,HTTP/1.1 200 OK
C,TCP,arquivo_100kb.txt,0.2097,0.5180,0.7278,188.82,HTTP/1.1 200 OK
C,TCP,arquivo_1mb.txt,0.2097,0.8578,1.0676,1138.61,HTTP/1.1 200 OK
C,TCP,arquivo_10mb.txt,0.2097,8.6354,8.8452,1130.90,HTTP/1.1 200 OK
C,TCP,arquivo_100kb.txt,0.1097,0.4127,0.5225,237.00,HTTP/1.1 200 OK
C,TCP,arquivo_1mb.txt,0.1097,0.8675,0.9772,1125.89,HTTP/1.1 200 OK
C,TCP,arquivo_10mb.txt,0.1097,8.5361,8.6458,1144.06,HTTP/1.1 200 OK
C,TCP,arquivo_100kb.txt,2.6699,0.8759,3.5458,111.67,HTTP/1.1 200 OK
C,TCP,arquivo_1mb.txt,2.6699,0.8551,3.5250,1142.24,HTTP/1.1 200 OK
C,TCP,arquivo_10mb.txt,2.6699,8.8227,11.4927,1106.89,HTTP/1.1 200 OK
C,TCP,arquivo_100kb.txt,3.1121,0.4190,3.5312,233.43,HTTP/1.1 200 OK
C,TCP,arquivo_1mb.txt,3.1121,0.8631,3.9752,1131.63,HTTP/1.1 200 OK
C,TCP,arquivo_10mb.txt,3.1121,8.8323,11.9445,1105.69,HTTP/1.1 200 OK
C,TCP,arquivo_100kb.txt,0.1044,0.4117,0.5161,237.59,HTTP/1.1 200 OK
C,TCP,arquivo_1mb.txt,0.1044,0.9260,1.0304,1054.83,HTTP/1.1 200 OK
C,TCP,arquivo_10mb.txt,0.1044,8.1316,8.2360,1200.96,HTTP/1.1 200 OK
C,TCP,arquivo_100kb.txt,0.1007,0.5184,0.6191,188.70,HTTP/1.1 200 OK
C,TCP,arquivo_1mb.txt,0.1007,0.8566,0.9574,1140.20,HTTP/1.1 200 OK
C,TCP,arquivo_10mb.txt,0.1007,8.8933,8.9941,1098.10,HTTP/1.1 200 OK
C,TCP,arquivo_100kb.txt,0.1045,0.4136,0.5181,236.51,HTTP/1.1 200 OK
C,TCP,arquivo_1mb.txt,0.1045,1.0395,1.1441,939.57,HTTP/1.1 200 OK
C,TCP,arquivo_10mb.txt,0.1045,8.6335,8.7381,1131.14,HTTP/1.1 200 OK
C,TCP,arquivo_100kb.txt,0.1042,0.7528,0.8571,129.93,HTTP/1.1 200 OK
C,TCP,arquivo_1mb.txt,0.1042,0.8674,0.9716,1126.04,HTTP/1.1 200 OK
C,TCP,arquivo_10mb.txt,0.1042,9.6306,9.7348,1014.04,HTTP/1.1 200 OK
C,TCP,arquivo_100kb.txt,0.1020,0.4184,0.5204,233.79,HTTP/1.1 200 OK
C,TCP,arquivo_1mb.txt,0.1020,0.8844,0.9864,1104.35,HTTP/1.1 200 OK
C,TCP,arquivo_10mb.txt,0.1020,8.8692,8.9712,1101.09,HTTP/1.1 200 OK
C,TCP,arquivo_100kb.txt,5.1183,0.5154,5.6337,189.80,HTTP/1.1 200 OK
C,TCP,arquivo_1mb.txt,5.1183,0.9266,6.0449,1054.10,HTTP/1.1 200 OK
C,TCP,arquivo_10mb.txt,5.1183,8.6900,13.8083,1123.80,HTTP/1.1 200 OK
A,RUDP,arquivo_100kb.txt,0.0263,1.0834,1.1097,90.29,HTTP/1.1 200 OK
A,RUDP,arquivo_1mb.txt,0.0263,11.1924,11.2187,87.27,HTTP/1.1 200 OK
A,RUDP,arquivo_10mb.txt,0.0263,139.5922,139.6185,69.96,HTTP/1.1 200 OK
A,RUDP,arquivo_100kb.txt,0.0119,1.0888,1.1006,89.84,HTTP/1.1 200 OK
A,RUDP,arquivo_1mb.txt,0.0119,11.1324,11.1442,87.74,HTTP/1.1 200 OK
A,RUDP,arquivo_10mb.txt,0.0119,138.0480,138.0599,70.74,HTTP/1.1 200 OK
A,RUDP,arquivo_100kb.txt,0.0113,1.0979,1.1091,89.10,HTTP/1.1 200 OK
A,RUDP,arquivo_1mb.txt,0.0113,11.1750,11.1863,87.40,HTTP/1.1 200 OK
A,RUDP,arquivo_10mb.txt,0.0113,137.3318,137.3431,71.11,HTTP/1.1 200 OK
A,RUDP,arquivo_100kb.txt,0.0111,1.0987,1.1098,89.03,HTTP/1.1 200 OK
A,RUDP,arquivo_1mb.txt,0.0111,11.2097,11.2208,87.13,HTTP/1.1 200 OK
A,RUDP,arquivo_10mb.txt,0.0111,137.6160,137.6271,70.96,HTTP/1.1 200 OK
A,RUDP,arquivo_100kb.txt,0.0119,1.0881,1.1000,89.90,HTTP/1.1 200 OK
A,RUDP,arquivo_1mb.txt,0.0119,10.0945,10.1064,96.76,HTTP/1.1 200 OK
A,RUDP,arquivo_10mb.txt,0.0119,140.6216,140.6335,69.45,HTTP/1.1 200 OK
A,RUDP,arquivo_100kb.txt,0.0118,0.1680,0.1798,582.33,HTTP/1.1 200 OK
A,RUDP,arquivo_1mb.txt,0.0118,11.2146,11.2264,87.09,HTTP/1.1 200 OK
A,RUDP,arquivo_10mb.txt,0.0118,137.4091,137.4209,71.07,HTTP/1.1 200 OK
A,RUDP,arquivo_100kb.txt,0.0111,1.1003,1.1114,88.90,HTTP/1.1 200 OK
A,RUDP,arquivo_1mb.txt,0.0111,11.2828,11.2939,86.57,HTTP/1.1 200 OK
A,RUDP,arquivo_10mb.txt,0.0111,137.4223,137.4334,71.06,HTTP/1.1 200 OK
A,RUDP,arquivo_100kb.txt,0.0168,1.0975,1.1143,89.13,HTTP/1.1 200 OK
A,RUDP,arquivo_1mb.txt,0.0168,11.3139,11.3307,86.33,HTTP/1.1 200 OK
A,RUDP,arquivo_10mb.txt,0.0168,136.5176,136.5344,71.54,HTTP/1.1 200 OK
A,RUDP,arquivo_100kb.txt,0.0109,1.1056,1.1166,88.47,HTTP/1.1 200 OK
A,RUDP,arquivo_1mb.txt,0.0109,11.2506,11.2615,86.82,HTTP/1.1 200 OK
A,RUDP,arquivo_10mb.txt,0.0109,137.6720,137.6829,70.94,HTTP/1.1 200 OK
A,RUDP,arquivo_100kb.txt,0.0118,1.1023,1.1141,88.74,HTTP/1.1 200 OK
A,RUDP,arquivo_1mb.txt,0.0118,10.1531,10.1649,96.20,HTTP/1.1 200 OK
A,RUDP,arquivo_10mb.txt,0.0118,137.7806,137.7924,70.88,HTTP/1.1 200 OK
B,RUDP,arquivo_100kb.txt,0.1058,15.3318,15.4376,6.38,HTTP/1.1 200 OK
B,RUDP,arquivo_1mb.txt,0.1058,126.2084,126.3142,7.74,HTTP/1.1 200 OK
B,RUDP,arquivo_10mb.txt,0.1058,1563.6594,1563.7652,6.25,HTTP/1.1 200 OK
B,RUDP,arquivo_100kb.txt,0.1049,15.5823,15.6872,6.27,HTTP/1.1 200 OK
B,RUDP,arquivo_1mb.txt,0.1060,127.5819,127.6879,7.66,HTTP/1.1 200 OK
B,RUDP,arquivo_10mb.txt,0.1057,1559.8243,1559.9300,6.27,HTTP/1.1 200 OK
B,RUDP,arquivo_100kb.txt,0.1063,15.1487,15.2550,6.45,HTTP/1.1 200 OK
B,RUDP,arquivo_1mb.txt,0.1052,125.3495,125.4547,7.80,HTTP/1.1 200 OK
B,RUDP,arquivo_10mb.txt,0.1062,1568.4427,1568.5489,6.23,HTTP/1.1 200 OK
B,RUDP,arquivo_100kb.txt,0.1055,15.4061,15.5116,6.34,HTTP/1.1 200 OK
B,RUDP,arquivo_1mb.txt,0.1061,126.8742,126.9803,7.71,HTTP/1.1 200 OK
B,RUDP,arquivo_10mb.txt,0.1054,1562.1856,1562.2910,6.26,HTTP/1.1 200 OK
B,RUDP,arquivo_100kb.txt,0.1051,15.2948,15.3999,6.39,HTTP/1.1 200 OK
B,RUDP,arquivo_1mb.txt,0.1057,126.1148,126.2205,7.76,HTTP/1.1 200 OK
B,RUDP,arquivo_10mb.txt,0.1049,1565.7368,1565.8417,6.24,HTTP/1.1 200 OK
B,RUDP,arquivo_100kb.txt,0.1060,15.6712,15.7772,6.23,HTTP/1.1 200 OK
B,RUDP,arquivo_1mb.txt,0.1049,127.2264,127.3313,7.69,HTTP/1.1 200 OK
B,RUDP,arquivo_10mb.txt,0.1058,1561.4782,1561.5840,6.26,HTTP/1.1 200 OK
B,RUDP,arquivo_100kb.txt,0.1054,15.4897,15.5951,6.31,HTTP/1.1 200 OK
B,RUDP,arquivo_1mb.txt,0.1055,125.9873,126.0928,7.75,HTTP/1.1 200 OK
B,RUDP,arquivo_10mb.txt,0.1061,1566.9114,1567.0175,6.24,HTTP/1.1 200 OK
B,RUDP,arquivo_100kb.txt,0.1059,15.2275,15.3334,6.42,HTTP/1.1 200 OK
B,RUDP,arquivo_1mb.txt,0.1062,126.4538,126.5600,7.73,HTTP/1.1 200 OK
B,RUDP,arquivo_10mb.txt,0.1053,1563.3287,1563.4340,6.25,HTTP/1.1 200 OK
B,RUDP,arquivo_100kb.txt,0.1048,15.5319,15.6367,6.29,HTTP/1.1 200 OK
B,RUDP,arquivo_1mb.txt,0.1050,127.0149,127.1199,7.70,HTTP/1.1 200 OK
B,RUDP,arquivo_10mb.txt,0.1056,1560.9741,1561.0797,6.26,HTTP/1.1 200 OK
B,RUDP,arquivo_100kb.txt,0.1056,15.3614,15.4670,6.36,HTTP/1.1 200 OK
B,RUDP,arquivo_1mb.txt,0.1058,126.6392,126.7450,7.72,HTTP/1.1 200 OK
B,RUDP,arquivo_10mb.txt,0.1050,1564.8525,1564.9575,6.25,HTTP/1.1 200 OK
C,RUDP,arquivo_100kb.txt,0.2131,51.6944,51.9074,1.89,HTTP/1.1 200 OK
C,RUDP,arquivo_1mb.txt,0.2131,291.8179,292.0310,3.35,HTTP/1.1 200 OK
C,RUDP,arquivo_10mb.txt,0.2131,2987.4906,2987.7037,3.27,HTTP/1.1 200 OK
C,RUDP,arquivo_100kb.txt,0.2119,48.7362,48.9481,2.01,HTTP/1.1 200 OK
C,RUDP,arquivo_1mb.txt,0.2142,286.5248,286.7390,3.41,HTTP/1.1 200 OK
C,RUDP,arquivo_10mb.txt,0.2125,2948.3147,2948.5272,3.31,HTTP/1.1 200 OK
C,RUDP,arquivo_100kb.txt,0.2140,54.2816,54.4956,1.81,HTTP/1.1 200 OK
C,RUDP,arquivo_1mb.txt,0.2127,297.9635,298.1762,3.28,HTTP/1.1 200 OK
C,RUDP,arquivo_10mb.txt,0.2136,3021.8634,3022.0770,3.23,HTTP/1.1 200 OK
C,RUDP,arquivo_100kb.txt,0.2126,50.8249,51.0375,1.93,HTTP/1.1 200 OK
C,RUDP,arquivo_1mb.txt,0.2138,289.4152,289.6290,3.37,HTTP/1.1 200 OK
C,RUDP,arquivo_10mb.txt,0.2129,2965.5481,2965.7610,3.29,HTTP/1.1 200 OK
C,RUDP,arquivo_100kb.txt,0.2134,53.6127,53.8261,1.83,HTTP/1.1 200 OK
C,RUDP,arquivo_1mb.txt,0.2118,294.7061,294.9179,3.31,HTTP/1.1 200 OK
C,RUDP,arquivo_10mb.txt,0.2141,3004.1975,3004.4116,3.25,HTTP/1.1 200 OK
C,RUDP,arquivo_100kb.txt,0.2123,49.9074,50.1197,1.97,HTTP/1.1 200 OK
C,RUDP,arquivo_1mb.txt,0.2135,288.8339,289.0474,3.38,HTTP/1.1 200 OK
C,RUDP,arquivo_10mb.txt,0.2124,2959.8043,2960.0167,3.30,HTTP/1.1 200 OK
C,RUDP,arquivo_100kb.txt,0.2132,52.1483,52.3615,1.89,HTTP/1.1 200 OK
C,RUDP,arquivo_1mb.txt,0.2140,300.1826,300.3966,3.25,HTTP/1.1 200 OK
C,RUDP,arquivo_10mb.txt,0.2130,3042.5768,3042.7898,3.20,HTTP/1.1 200 OK
C,RUDP,arquivo_100kb.txt,0.2121,47.9936,48.2057,2.04,HTTP/1.1 200 OK
C,RUDP,arquivo_1mb.txt,0.2131,284.9578,285.1709,3.43,HTTP/1.1 200 OK
C,RUDP,arquivo_10mb.txt,0.2127,2937.6251,2937.8378,3.33,HTTP/1.1 200 OK
C,RUDP,arquivo_100kb.txt,0.2137,55.0369,55.2506,1.79,HTTP/1.1 200 OK
C,RUDP,arquivo_1mb.txt,0.2124,296.4413,296.6537,3.29,HTTP/1.1 200 OK
C,RUDP,arquivo_10mb.txt,0.2138,3015.2384,3015.4522,3.24,HTTP/1.1 200 OK
C,RUDP,arquivo_100kb.txt,0.2128,51.2758,51.4886,1.91,HTTP/1.1 200 OK
C,RUDP,arquivo_1mb.txt,0.2133,291.2469,291.4602,3.35,HTTP/1.1 200 OK
C,RUDP,arquivo_10mb.txt,0.2126,2979.8645,2980.0771,3.28,HTTP/1.1 200 OK